day,collision_date,NUM_COLLISIONS
7,2012-07-01,538
1,2012-07-02,564
2,2012-07-03,664
3,2012-07-04,432
4,2012-07-05,591
5,2012-07-06,638
6,2012-07-07,490
7,2012-07-08,464
1,2012-07-09,533
2,2012-07-10,524
3,2012-07-11,565
4,2012-07-12,577
5,2012-07-13,603
6,2012-07-14,536
7,2012-07-15,494
1,2012-07-16,528
2,2012-07-17,648
3,2012-07-18,559
4,2012-07-19,522
5,2012-07-20,604
6,2012-07-21,528
7,2012-07-22,498
1,2012-07-23,505
2,2012-07-24,574
3,2012-07-25,612
4,2012-07-26,604
5,2012-07-27,637
6,2012-07-28,513
7,2012-07-29,376
1,2012-07-30,530
2,2012-07-31,540
3,2012-08-01,615
4,2012-08-02,570
5,2012-08-03,589
6,2012-08-04,568
7,2012-08-05,518
1,2012-08-06,593
2,2012-08-07,547
3,2012-08-08,528
4,2012-08-09,581
5,2012-08-10,617
6,2012-08-11,507
7,2012-08-12,505
1,2012-08-13,504
2,2012-08-14,520
3,2012-08-15,602
4,2012-08-16,613
5,2012-08-17,574
6,2012-08-18,540
7,2012-08-19,467
1,2012-08-20,473
2,2012-08-21,482
3,2012-08-22,504
4,2012-08-23,574
5,2012-08-24,601
6,2012-08-25,474
7,2012-08-26,471
1,2012-08-27,548
2,2012-08-28,587
3,2012-08-29,550
4,2012-08-30,618
5,2012-08-31,701
6,2012-09-01,515
7,2012-09-02,421
1,2012-09-03,373
2,2012-09-04,606
3,2012-09-05,601
4,2012-09-06,572
5,2012-09-07,680
6,2012-09-08,598
7,2012-09-09,464
1,2012-09-10,637
2,2012-09-11,521
3,2012-09-12,651
4,2012-09-13,632
5,2012-09-14,609
6,2012-09-15,557
7,2012-09-16,458
1,2012-09-17,452
2,2012-09-18,556
3,2012-09-19,612
4,2012-09-20,522
5,2012-09-21,654
6,2012-09-22,547
7,2012-09-23,480
1,2012-09-24,562
2,2012-09-25,593
3,2012-09-26,404
4,2012-09-27,620
5,2012-09-28,703
6,2012-09-29,485
7,2012-09-30,449
1,2012-10-01,555
2,2012-10-02,593
3,2012-10-03,502
4,2012-10-04,554
5,2012-10-05,693
6,2012-10-06,500
7,2012-10-07,481
1,2012-10-08,376
2,2012-10-09,570
3,2012-10-10,640
4,2012-10-11,657
5,2012-10-12,594
6,2012-10-13,547
7,2012-10-14,517
1,2012-10-15,607
2,2012-10-16,602
3,2012-10-17,615
4,2012-10-18,630
5,2012-10-19,738
6,2012-10-20,587
7,2012-10-21,426
1,2012-10-22,608
2,2012-10-23,522
3,2012-10-24,494
4,2012-10-25,511
5,2012-10-26,598
6,2012-10-27,524
7,2012-10-28,403
1,2012-10-29,298
2,2012-10-30,372
3,2012-10-31,549
4,2012-11-01,439
5,2012-11-02,345
6,2012-11-03,307
7,2012-11-04,344
1,2012-11-05,479
2,2012-11-06,514
3,2012-11-07,718
4,2012-11-08,550
5,2012-11-09,688
6,2012-11-10,444
7,2012-11-11,526
1,2012-11-12,547
2,2012-11-13,648
3,2012-11-14,625
4,2012-11-15,623
5,2012-11-16,672
6,2012-11-17,542
7,2012-11-18,446
1,2012-11-19,585
2,2012-11-20,671
3,2012-11-21,689
4,2012-11-22,384
5,2012-11-23,481
6,2012-11-24,458
7,2012-11-25,415
1,2012-11-26,563
2,2012-11-27,583
3,2012-11-28,512
4,2012-11-29,515
5,2012-11-30,576
6,2012-12-01,480
7,2012-12-02,455
1,2012-12-03,621
2,2012-12-04,621
3,2012-12-05,514
4,2012-12-06,620
5,2012-12-07,714
6,2012-12-08,580
7,2012-12-09,544
1,2012-12-10,619
2,2012-12-11,578
3,2012-12-12,550
4,2012-12-13,545
5,2012-12-14,648
6,2012-12-15,523
7,2012-12-16,500
1,2012-12-17,649
2,2012-12-18,645
3,2012-12-19,590
4,2012-12-20,606
5,2012-12-21,751
6,2012-12-22,542
7,2012-12-23,408
1,2012-12-24,518
2,2012-12-25,354
3,2012-12-26,531
4,2012-12-27,525
5,2012-12-28,557
6,2012-12-29,442
7,2012-12-30,411
1,2012-12-31,482
2,2013-01-01,381
3,2013-01-02,480
4,2013-01-03,549
5,2013-01-04,505
6,2013-01-05,389
7,2013-01-06,393
1,2013-01-07,521
2,2013-01-08,513
3,2013-01-09,487
4,2013-01-10,555
5,2013-01-11,660
6,2013-01-12,475
7,2013-01-13,373
1,2013-01-14,542
2,2013-01-15,516
3,2013-01-16,578
4,2013-01-17,491
5,2013-01-18,561
6,2013-01-19,484
7,2013-01-20,393
1,2013-01-21,355
2,2013-01-22,544
3,2013-01-23,545
4,2013-01-24,554
5,2013-01-25,674
6,2013-01-26,558
7,2013-01-27,429
1,2013-01-28,507
2,2013-01-29,542
3,2013-01-30,497
4,2013-01-31,592
5,2013-02-01,574
6,2013-02-02,534
7,2013-02-03,445
1,2013-02-04,553
2,2013-02-05,566
3,2013-02-06,566
4,2013-02-07,526
5,2013-02-08,703
6,2013-02-09,403
7,2013-02-10,400
1,2013-02-11,475
2,2013-02-12,498
3,2013-02-13,570
4,2013-02-14,631
5,2013-02-15,604
6,2013-02-16,449
7,2013-02-17,447
1,2013-02-18,398
2,2013-02-19,477
3,2013-02-20,510
4,2013-02-21,498
5,2013-02-22,531
6,2013-02-23,521
7,2013-02-24,426
1,2013-02-25,490
2,2013-02-26,537
3,2013-02-27,550
4,2013-02-28,517
5,2013-03-01,603
6,2013-03-02,474
7,2013-03-03,502
1,2013-03-04,597
2,2013-03-05,527
3,2013-03-06,475
4,2013-03-07,535
5,2013-03-08,851
6,2013-03-09,569
7,2013-03-10,415
1,2013-03-11,522
2,2013-03-12,547
3,2013-03-13,636
4,2013-03-14,557
5,2013-03-15,607
6,2013-03-16,521
7,2013-03-17,426
1,2013-03-18,623
2,2013-03-19,559
3,2013-03-20,540
4,2013-03-21,508
5,2013-03-22,604
6,2013-03-23,488
7,2013-03-24,451
1,2013-03-25,498
2,2013-03-26,425
3,2013-03-27,441
4,2013-03-28,549
5,2013-03-29,520
6,2013-03-30,513
7,2013-03-31,426
1,2013-04-01,479
2,2013-04-02,437
3,2013-04-03,532
4,2013-04-04,566
5,2013-04-05,582
6,2013-04-06,531
7,2013-04-07,451
1,2013-04-08,582
2,2013-04-09,613
3,2013-04-10,580
4,2013-04-11,517
5,2013-04-12,649
6,2013-04-13,555
7,2013-04-14,472
1,2013-04-15,603
2,2013-04-16,564
3,2013-04-17,535
4,2013-04-18,553
5,2013-04-19,570
6,2013-04-20,532
7,2013-04-21,471
1,2013-04-22,565
2,2013-04-23,513
3,2013-04-24,598
4,2013-04-25,583
5,2013-04-26,675
6,2013-04-27,517
7,2013-04-28,440
1,2013-04-29,598
2,2013-04-30,576
3,2013-05-01,576
4,2013-05-02,585
5,2013-05-03,686
6,2013-05-04,580
7,2013-05-05,515
1,2013-05-06,561
2,2013-05-07,592
3,2013-05-08,620
4,2013-05-09,602
5,2013-05-10,698
6,2013-05-11,523
7,2013-05-12,527
1,2013-05-13,577
2,2013-05-14,565
3,2013-05-15,532
4,2013-05-16,559
5,2013-05-17,741
6,2013-05-18,506
7,2013-05-19,544
1,2013-05-20,657
2,2013-05-21,697
3,2013-05-22,570
4,2013-05-23,735
5,2013-05-24,668
6,2013-05-25,514
7,2013-05-26,455
1,2013-05-27,420
2,2013-05-28,686
3,2013-05-29,574
4,2013-05-30,685
5,2013-05-31,736
6,2013-06-01,631
7,2013-06-02,487
1,2013-06-03,707
2,2013-06-04,613
3,2013-06-05,599
4,2013-06-06,605
5,2013-06-07,791
6,2013-06-08,571
7,2013-06-09,533
1,2013-06-10,624
2,2013-06-11,635
3,2013-06-12,615
4,2013-06-13,534
5,2013-06-14,693
6,2013-06-15,596
7,2013-06-16,477
1,2013-06-17,614
2,2013-06-18,613
3,2013-06-19,622
4,2013-06-20,681
5,2013-06-21,690
6,2013-06-22,599
7,2013-06-23,505
1,2013-06-24,680
2,2013-06-25,648
3,2013-06-26,621
4,2013-06-27,598
5,2013-06-28,608
6,2013-06-29,591
7,2013-06-30,423
1,2013-07-01,633
2,2013-07-02,601
3,2013-07-03,635
4,2013-07-04,438
5,2013-07-05,576
6,2013-07-06,516
7,2013-07-07,475
1,2013-07-08,617
2,2013-07-09,583
3,2013-07-10,614
4,2013-07-11,550
5,2013-07-12,599
6,2013-07-13,575
7,2013-07-14,471
1,2013-07-15,581
2,2013-07-16,582
3,2013-07-17,609
4,2013-07-18,636
5,2013-07-19,697
6,2013-07-20,551
7,2013-07-21,447
1,2013-07-22,591
2,2013-07-23,571
3,2013-07-24,571
4,2013-07-25,507
5,2013-07-26,617
6,2013-07-27,516
7,2013-07-28,485
1,2013-07-29,597
2,2013-07-30,584
3,2013-07-31,553
4,2013-08-01,643
5,2013-08-02,626
6,2013-08-03,492
7,2013-08-04,454
1,2013-08-05,545
2,2013-08-06,543
3,2013-08-07,508
4,2013-08-08,549
5,2013-08-09,579
6,2013-08-10,495
7,2013-08-11,481
1,2013-08-12,519
2,2013-08-13,552
3,2013-08-14,622
4,2013-08-15,599
5,2013-08-16,678
6,2013-08-17,504
7,2013-08-18,442
1,2013-08-19,462
2,2013-08-20,542
3,2013-08-21,562
4,2013-08-22,578
5,2013-08-23,636
6,2013-08-24,527
7,2013-08-25,459
1,2013-08-26,521
2,2013-08-27,506
3,2013-08-28,482
4,2013-08-29,572
5,2013-08-30,599
6,2013-08-31,480
7,2013-09-01,480
1,2013-09-02,431
2,2013-09-03,551
3,2013-09-04,604
4,2013-09-05,493
5,2013-09-06,524
6,2013-09-07,585
7,2013-09-08,500
1,2013-09-09,632
2,2013-09-10,629
3,2013-09-11,576
4,2013-09-12,695
5,2013-09-13,652
6,2013-09-14,519
7,2013-09-15,476
1,2013-09-16,570
2,2013-09-17,627
3,2013-09-18,571
4,2013-09-19,536
5,2013-09-20,631
6,2013-09-21,546
7,2013-09-22,585
1,2013-09-23,661
2,2013-09-24,615
3,2013-09-25,539
4,2013-09-26,516
5,2013-09-27,553
6,2013-09-28,547
7,2013-09-29,506
1,2013-09-30,605
2,2013-10-01,616
3,2013-10-02,647
4,2013-10-03,590
5,2013-10-04,658
6,2013-10-05,497
7,2013-10-06,404
1,2013-10-07,618
2,2013-10-08,574
3,2013-10-09,529
4,2013-10-10,559
5,2013-10-11,621
6,2013-10-12,556
7,2013-10-13,502
1,2013-10-14,440
2,2013-10-15,615
3,2013-10-16,548
4,2013-10-17,574
5,2013-10-18,680
6,2013-10-19,471
7,2013-10-20,490
1,2013-10-21,616
2,2013-10-22,540
3,2013-10-23,558
4,2013-10-24,632
5,2013-10-25,647
6,2013-10-26,626
7,2013-10-27,512
1,2013-10-28,620
2,2013-10-29,600
3,2013-10-30,558
4,2013-10-31,615
5,2013-11-01,710
6,2013-11-02,551
7,2013-11-03,415
1,2013-11-04,658
2,2013-11-05,510
3,2013-11-06,635
4,2013-11-07,646
5,2013-11-08,682
6,2013-11-09,571
7,2013-11-10,474
1,2013-11-11,456
2,2013-11-12,647
3,2013-11-13,593
4,2013-11-14,620
5,2013-11-15,617
6,2013-11-16,612
7,2013-11-17,532
1,2013-11-18,611
2,2013-11-19,600
3,2013-11-20,607
4,2013-11-21,628
5,2013-11-22,702
6,2013-11-23,536
7,2013-11-24,494
1,2013-11-25,710
2,2013-11-26,867
3,2013-11-27,742
4,2013-11-28,429
5,2013-11-29,437
6,2013-11-30,479
7,2013-12-01,420
1,2013-12-02,549
2,2013-12-03,553
3,2013-12-04,520
4,2013-12-05,573
5,2013-12-06,759
6,2013-12-07,567
7,2013-12-08,456
1,2013-12-09,639
2,2013-12-10,539
3,2013-12-11,605
4,2013-12-12,648
5,2013-12-13,695
6,2013-12-14,690
7,2013-12-15,450
1,2013-12-16,640
2,2013-12-17,703
3,2013-12-18,701
4,2013-12-19,607
5,2013-12-20,674
6,2013-12-21,594
7,2013-12-22,505
1,2013-12-23,707
2,2013-12-24,515
3,2013-12-25,257
4,2013-12-26,428
5,2013-12-27,476
6,2013-12-28,475
7,2013-12-29,394
1,2013-12-30,476
2,2013-12-31,465
3,2014-01-01,399
4,2014-01-02,603
5,2014-01-03,423
6,2014-01-04,418
7,2014-01-05,320
1,2014-01-06,518
2,2014-01-07,491
3,2014-01-08,616
4,2014-01-09,561
5,2014-01-10,667
6,2014-01-11,465
7,2014-01-12,388
1,2014-01-13,568
2,2014-01-14,559
3,2014-01-15,583
4,2014-01-16,521
5,2014-01-17,589
6,2014-01-18,448
7,2014-01-19,380
1,2014-01-20,360
2,2014-01-21,1161
3,2014-01-22,498
4,2014-01-23,612
5,2014-01-24,705
6,2014-01-25,475
7,2014-01-26,465
1,2014-01-27,511
2,2014-01-28,504
3,2014-01-29,649
4,2014-01-30,657
5,2014-01-31,560
6,2014-02-01,507
7,2014-02-02,417
1,2014-02-03,960
2,2014-02-04,613
3,2014-02-05,468
4,2014-02-06,569
5,2014-02-07,675
6,2014-02-08,424
7,2014-02-09,450
1,2014-02-10,678
2,2014-02-11,636
3,2014-02-12,640
4,2014-02-13,447
5,2014-02-14,792
6,2014-02-15,516
7,2014-02-16,464
1,2014-02-17,491
2,2014-02-18,518
3,2014-02-19,552
4,2014-02-20,556
5,2014-02-21,545
6,2014-02-22,587
7,2014-02-23,414
1,2014-02-24,569
2,2014-02-25,513
3,2014-02-26,511
4,2014-02-27,571
5,2014-02-28,655
6,2014-03-01,497
7,2014-03-02,344
1,2014-03-03,440
2,2014-03-04,532
3,2014-03-05,491
4,2014-03-06,558
5,2014-03-07,533
6,2014-03-08,515
7,2014-03-09,404
1,2014-03-10,513
2,2014-03-11,510
3,2014-03-12,515
4,2014-03-13,545
5,2014-03-14,585
6,2014-03-15,519
7,2014-03-16,412
1,2014-03-17,519
2,2014-03-18,551
3,2014-03-19,525
4,2014-03-20,627
5,2014-03-21,589
6,2014-03-22,493
7,2014-03-23,427
1,2014-03-24,547
2,2014-03-25,474
3,2014-03-26,563
4,2014-03-27,538
5,2014-03-28,530
6,2014-03-29,569
7,2014-03-30,437
1,2014-03-31,559
2,2014-04-01,549
3,2014-04-02,519
4,2014-04-03,592
5,2014-04-04,622
6,2014-04-05,580
7,2014-04-06,484
1,2014-04-07,533
2,2014-04-08,606
3,2014-04-09,595
4,2014-04-10,645
5,2014-04-11,609
6,2014-04-12,578
7,2014-04-13,482
1,2014-04-14,514
2,2014-04-15,452
3,2014-04-16,570
4,2014-04-17,508
5,2014-04-18,496
6,2014-04-19,525
7,2014-04-20,393
1,2014-04-21,521
2,2014-04-22,459
3,2014-04-23,536
4,2014-04-24,586
5,2014-04-25,617
6,2014-04-26,548
7,2014-04-27,449
1,2014-04-28,597
2,2014-04-29,555
3,2014-04-30,651
4,2014-05-01,650
5,2014-05-02,698
6,2014-05-03,590
7,2014-05-04,451
1,2014-05-05,618
2,2014-05-06,565
3,2014-05-07,603
4,2014-05-08,596
5,2014-05-09,584
6,2014-05-10,549
7,2014-05-11,584
1,2014-05-12,581
2,2014-05-13,560
3,2014-05-14,638
4,2014-05-15,659
5,2014-05-16,700
6,2014-05-17,619
7,2014-05-18,507
1,2014-05-19,572
2,2014-05-20,650
3,2014-05-21,575
4,2014-05-22,593
5,2014-05-23,660
6,2014-05-24,486
7,2014-05-25,472
1,2014-05-26,433
2,2014-05-27,645
3,2014-05-28,538
4,2014-05-29,663
5,2014-05-30,650
6,2014-05-31,587
7,2014-06-01,604
1,2014-06-02,643
2,2014-06-03,663
3,2014-06-04,582
4,2014-06-05,569
5,2014-06-06,743
6,2014-06-07,623
7,2014-06-08,516
1,2014-06-09,528
2,2014-06-10,569
3,2014-06-11,576
4,2014-06-12,563
5,2014-06-13,708
6,2014-06-14,613
7,2014-06-15,475
1,2014-06-16,622
2,2014-06-17,666
3,2014-06-18,663
4,2014-06-19,675
5,2014-06-20,765
6,2014-06-21,557
7,2014-06-22,477
1,2014-06-23,644
2,2014-06-24,632
3,2014-06-25,646
4,2014-06-26,670
5,2014-06-27,660
6,2014-06-28,611
7,2014-06-29,537
1,2014-06-30,610
2,2014-07-01,616
3,2014-07-02,658
4,2014-07-03,740
5,2014-07-04,360
6,2014-07-05,505
7,2014-07-06,451
1,2014-07-07,614
2,2014-07-08,594
3,2014-07-09,569
4,2014-07-10,584
5,2014-07-11,642
6,2014-07-12,550
7,2014-07-13,439
1,2014-07-14,567
2,2014-07-15,587
3,2014-07-16,551
4,2014-07-17,587
5,2014-07-18,624
6,2014-07-19,480
7,2014-07-20,451
1,2014-07-21,557
2,2014-07-22,587
3,2014-07-23,591
4,2014-07-24,539
5,2014-07-25,653
6,2014-07-26,534
7,2014-07-27,476
1,2014-07-28,595
2,2014-07-29,526
3,2014-07-30,605
4,2014-07-31,626
5,2014-08-01,667
6,2014-08-02,540
7,2014-08-03,476
1,2014-08-04,589
2,2014-08-05,606
3,2014-08-06,562
4,2014-08-07,585
5,2014-08-08,601
6,2014-08-09,538
7,2014-08-10,512
1,2014-08-11,604
2,2014-08-12,491
3,2014-08-13,572
4,2014-08-14,625
5,2014-08-15,522
6,2014-08-16,490
7,2014-08-17,476
1,2014-08-18,595
2,2014-08-19,516
3,2014-08-20,551
4,2014-08-21,567
5,2014-08-22,568
6,2014-08-23,454
7,2014-08-24,437
1,2014-08-25,549
2,2014-08-26,608
3,2014-08-27,538
4,2014-08-28,618
5,2014-08-29,631
6,2014-08-30,510
7,2014-08-31,495
1,2014-09-01,392
2,2014-09-02,700
3,2014-09-03,580
4,2014-09-04,727
5,2014-09-05,647
6,2014-09-06,553
7,2014-09-07,477
1,2014-09-08,598
2,2014-09-09,592
3,2014-09-10,618
4,2014-09-11,619
5,2014-09-12,730
6,2014-09-13,558
7,2014-09-14,528
1,2014-09-15,610
2,2014-09-16,613
3,2014-09-17,658
4,2014-09-18,650
5,2014-09-19,648
6,2014-09-20,594
7,2014-09-21,515
1,2014-09-22,662
2,2014-09-23,592
3,2014-09-24,566
4,2014-09-25,491
5,2014-09-26,643
6,2014-09-27,600
7,2014-09-28,512
1,2014-09-29,566
2,2014-09-30,589
3,2014-10-01,559
4,2014-10-02,558
5,2014-10-03,719
6,2014-10-04,531
7,2014-10-05,505
1,2014-10-06,639
2,2014-10-07,620
3,2014-10-08,639
4,2014-10-09,499
5,2014-10-10,541
6,2014-10-11,546
7,2014-10-12,473
1,2014-10-13,451
2,2014-10-14,697
3,2014-10-15,575
4,2014-10-16,602
5,2014-10-17,648
6,2014-10-18,494
7,2014-10-19,483
1,2014-10-20,591
2,2014-10-21,607
3,2014-10-22,708
4,2014-10-23,639
5,2014-10-24,669
6,2014-10-25,515
7,2014-10-26,515
1,2014-10-27,642
2,2014-10-28,571
3,2014-10-29,556
4,2014-10-30,626
5,2014-10-31,668
6,2014-11-01,656
7,2014-11-02,532
1,2014-11-03,625
2,2014-11-04,538
3,2014-11-05,554
4,2014-11-06,652
5,2014-11-07,641
6,2014-11-08,543
7,2014-11-09,419
1,2014-11-10,560
2,2014-11-11,493
3,2014-11-12,546
4,2014-11-13,696
5,2014-11-14,654
6,2014-11-15,529
7,2014-11-16,429
1,2014-11-17,666
2,2014-11-18,712
3,2014-11-19,633
4,2014-11-20,635
5,2014-11-21,677
6,2014-11-22,512
7,2014-11-23,425
1,2014-11-24,722
2,2014-11-25,599
3,2014-11-26,742
4,2014-11-27,378
5,2014-11-28,444
6,2014-11-29,394
7,2014-11-30,377
1,2014-12-01,644
2,2014-12-02,611
3,2014-12-03,569
4,2014-12-04,606
5,2014-12-05,673
6,2014-12-06,628
7,2014-12-07,493
1,2014-12-08,579
2,2014-12-09,645
3,2014-12-10,649
4,2014-12-11,669
5,2014-12-12,687
6,2014-12-13,594
7,2014-12-14,439
1,2014-12-15,720
2,2014-12-16,645
3,2014-12-17,555
4,2014-12-18,621
5,2014-12-19,652
6,2014-12-20,505
7,2014-12-21,409
1,2014-12-22,566
2,2014-12-23,732
3,2014-12-24,519
4,2014-12-25,303
5,2014-12-26,446
6,2014-12-27,406
7,2014-12-28,349
1,2014-12-29,411
2,2014-12-30,469
3,2014-12-31,461
4,2015-01-01,395
5,2015-01-02,442
6,2015-01-03,456
7,2015-01-04,381
1,2015-01-05,498
2,2015-01-06,777
3,2015-01-07,538
4,2015-01-08,573
5,2015-01-09,751
6,2015-01-10,481
7,2015-01-11,341
1,2015-01-12,580
2,2015-01-13,613
3,2015-01-14,506
4,2015-01-15,548
5,2015-01-16,563
6,2015-01-17,495
7,2015-01-18,961
1,2015-01-19,496
2,2015-01-20,500
3,2015-01-21,495
4,2015-01-22,508
5,2015-01-23,598
6,2015-01-24,428
7,2015-01-25,406
1,2015-01-26,484
2,2015-01-27,188
3,2015-01-28,458
4,2015-01-29,519
5,2015-01-30,622
6,2015-01-31,526
7,2015-02-01,361
1,2015-02-02,680
2,2015-02-03,740
3,2015-02-04,585
4,2015-02-05,569
5,2015-02-06,652
6,2015-02-07,449
7,2015-02-08,394
1,2015-02-09,547
2,2015-02-10,571
3,2015-02-11,610
4,2015-02-12,526
5,2015-02-13,757
6,2015-02-14,436
7,2015-02-15,454
1,2015-02-16,402
2,2015-02-17,620
3,2015-02-18,626
4,2015-02-19,515
5,2015-02-20,621
6,2015-02-21,517
7,2015-02-22,519
1,2015-02-23,574
2,2015-02-24,580
3,2015-02-25,628
4,2015-02-26,539
5,2015-02-27,703
6,2015-02-28,538
7,2015-03-01,693
1,2015-03-02,650
2,2015-03-03,631
3,2015-03-04,574
4,2015-03-05,830
5,2015-03-06,939
6,2015-03-07,578
7,2015-03-08,464
1,2015-03-09,661
2,2015-03-10,584
3,2015-03-11,565
4,2015-03-12,586
5,2015-03-13,609
6,2015-03-14,507
7,2015-03-15,459
1,2015-03-16,529
2,2015-03-17,528
3,2015-03-18,547
4,2015-03-19,582
5,2015-03-20,570
6,2015-03-21,507
7,2015-03-22,432
1,2015-03-23,586
2,2015-03-24,601
3,2015-03-25,538
4,2015-03-26,525
5,2015-03-27,532
6,2015-03-28,459
7,2015-03-29,505
1,2015-03-30,556
2,2015-03-31,628
3,2015-04-01,648
4,2015-04-02,653
5,2015-04-03,491
6,2015-04-04,507
7,2015-04-05,422
1,2015-04-06,510
2,2015-04-07,452
3,2015-04-08,457
4,2015-04-09,452
5,2015-04-10,486
6,2015-04-11,576
7,2015-04-12,443
1,2015-04-13,554
2,2015-04-14,542
3,2015-04-15,595
4,2015-04-16,560
5,2015-04-17,679
6,2015-04-18,605
7,2015-04-19,471
1,2015-04-20,630
2,2015-04-21,645
3,2015-04-22,568
4,2015-04-23,612
5,2015-04-24,676
6,2015-04-25,592
7,2015-04-26,477
1,2015-04-27,558
2,2015-04-28,613
3,2015-04-29,679
4,2015-04-30,640
5,2015-05-01,642
6,2015-05-02,540
7,2015-05-03,555
1,2015-05-04,641
2,2015-05-05,638
3,2015-05-06,568
4,2015-05-07,684
5,2015-05-08,709
6,2015-05-09,560
7,2015-05-10,549
1,2015-05-11,645
2,2015-05-12,684
3,2015-05-13,655
4,2015-05-14,654
5,2015-05-15,723
6,2015-05-16,650
7,2015-05-17,543
1,2015-05-18,566
2,2015-05-19,606
3,2015-05-20,666
4,2015-05-21,615
5,2015-05-22,727
6,2015-05-23,546
7,2015-05-24,432
1,2015-05-25,420
2,2015-05-26,686
3,2015-05-27,697
4,2015-05-28,682
5,2015-05-29,813
6,2015-05-30,622
7,2015-05-31,555
1,2015-06-01,691
2,2015-06-02,642
3,2015-06-03,658
4,2015-06-04,552
5,2015-06-05,692
6,2015-06-06,598
7,2015-06-07,559
1,2015-06-08,634
2,2015-06-09,652
3,2015-06-10,667
4,2015-06-11,666
5,2015-06-12,451
6,2015-06-13,395
7,2015-06-14,578
1,2015-06-15,506
2,2015-06-16,593
3,2015-06-17,706
4,2015-06-18,615
5,2015-06-19,732
6,2015-06-20,505
7,2015-06-21,620
1,2015-06-22,774
2,2015-06-23,703
3,2015-06-24,778
4,2015-06-25,670
5,2015-06-26,774
6,2015-06-27,595
7,2015-06-28,535
1,2015-06-29,662
2,2015-06-30,622
3,2015-07-01,683
4,2015-07-02,603
5,2015-07-03,549
6,2015-07-04,389
7,2015-07-05,467
1,2015-07-06,598
2,2015-07-07,646
3,2015-07-08,620
4,2015-07-09,567
5,2015-07-10,709
6,2015-07-11,597
7,2015-07-12,521
1,2015-07-13,668
2,2015-07-14,657
3,2015-07-15,611
4,2015-07-16,686
5,2015-07-17,659
6,2015-07-18,561
7,2015-07-19,545
1,2015-07-20,727
2,2015-07-21,606
3,2015-07-22,618
4,2015-07-23,623
5,2015-07-24,490
6,2015-07-25,451
7,2015-07-26,551
1,2015-07-27,626
2,2015-07-28,643
3,2015-07-29,629
4,2015-07-30,717
5,2015-07-31,753
6,2015-08-01,668
7,2015-08-02,550
1,2015-08-03,705
2,2015-08-04,666
3,2015-08-05,619
4,2015-08-06,630
5,2015-08-07,726
6,2015-08-08,545
7,2015-08-09,489
1,2015-08-10,611
2,2015-08-11,601
3,2015-08-12,643
4,2015-08-13,714
5,2015-08-14,729
6,2015-08-15,582
7,2015-08-16,552
1,2015-08-17,592
2,2015-08-18,623
3,2015-08-19,594
4,2015-08-20,600
5,2015-08-21,753
6,2015-08-22,581
7,2015-08-23,492
1,2015-08-24,575
2,2015-08-25,595
3,2015-08-26,606
4,2015-08-27,614
5,2015-08-28,609
6,2015-08-29,539
7,2015-08-30,563
1,2015-08-31,614
2,2015-09-01,626
3,2015-09-02,654
4,2015-09-03,665
5,2015-09-04,643
6,2015-09-05,541
7,2015-09-06,504
1,2015-09-07,485
2,2015-09-08,795
3,2015-09-09,740
4,2015-09-10,716
5,2015-09-11,765
6,2015-09-12,554
7,2015-09-13,478
1,2015-09-14,579
2,2015-09-15,579
3,2015-09-16,748
4,2015-09-17,744
5,2015-09-18,760
6,2015-09-19,655
7,2015-09-20,556
1,2015-09-21,624
2,2015-09-22,571
3,2015-09-23,501
4,2015-09-24,619
5,2015-09-25,585
6,2015-09-26,557
7,2015-09-27,493
1,2015-09-28,586
2,2015-09-29,557
3,2015-09-30,634
4,2015-10-01,683
5,2015-10-02,798
6,2015-10-03,556
7,2015-10-04,536
1,2015-10-05,597
2,2015-10-06,631
3,2015-10-07,668
4,2015-10-08,666
5,2015-10-09,764
6,2015-10-10,649
7,2015-10-11,559
1,2015-10-12,505
2,2015-10-13,724
3,2015-10-14,658
4,2015-10-15,683
5,2015-10-16,676
6,2015-10-17,565
7,2015-10-18,551
1,2015-10-19,667
2,2015-10-20,714
3,2015-10-21,720
4,2015-10-22,666
5,2015-10-23,742
6,2015-10-24,519
7,2015-10-25,522
1,2015-10-26,698
2,2015-10-27,631
3,2015-10-28,689
4,2015-10-29,767
5,2015-10-30,688
6,2015-10-31,357
7,2015-11-01,312
1,2015-11-02,613
2,2015-11-03,655
3,2015-11-04,672
4,2015-11-05,690
5,2015-11-06,616
6,2015-11-07,500
7,2015-11-08,472
1,2015-11-09,615
2,2015-11-10,757
3,2015-11-11,530
4,2015-11-12,637
5,2015-11-13,677
6,2015-11-14,613
7,2015-11-15,500
1,2015-11-16,618
2,2015-11-17,684
3,2015-11-18,628
4,2015-11-19,797
5,2015-11-20,819
6,2015-11-21,597
7,2015-11-22,431
1,2015-11-23,704
2,2015-11-24,733
3,2015-11-25,717
4,2015-11-26,383
5,2015-11-27,480
6,2015-11-28,508
7,2015-11-29,453
1,2015-11-30,611
2,2015-12-01,746
3,2015-12-02,655
4,2015-12-03,623
5,2015-12-04,680
6,2015-12-05,629
7,2015-12-06,485
1,2015-12-07,668
2,2015-12-08,618
3,2015-12-09,575
4,2015-12-10,668
5,2015-12-11,694
6,2015-12-12,578
7,2015-12-13,549
1,2015-12-14,637
2,2015-12-15,755
3,2015-12-16,673
4,2015-12-17,745
5,2015-12-18,767
6,2015-12-19,624
7,2015-12-20,500
1,2015-12-21,612
2,2015-12-22,699
3,2015-12-23,805
4,2015-12-24,603
5,2015-12-25,321
6,2015-12-26,395
7,2015-12-27,518
1,2015-12-28,490
2,2015-12-29,533
3,2015-12-30,501
4,2015-12-31,527
5,2016-01-01,393
6,2016-01-02,422
7,2016-01-03,432
1,2016-01-04,601
2,2016-01-05,640
3,2016-01-06,625
4,2016-01-07,542
5,2016-01-08,602
6,2016-01-09,554
7,2016-01-10,462
1,2016-01-11,680
2,2016-01-12,637
3,2016-01-13,605
4,2016-01-14,597
5,2016-01-15,722
6,2016-01-16,563
7,2016-01-17,451
1,2016-01-18,481
2,2016-01-19,662
3,2016-01-20,623
4,2016-01-21,666
5,2016-01-22,702
6,2016-01-23,402
7,2016-01-24,517
1,2016-01-25,658
2,2016-01-26,734
3,2016-01-27,670
4,2016-01-28,681
5,2016-01-29,645
6,2016-01-30,596
7,2016-01-31,532
1,2016-02-01,716
2,2016-02-02,711
3,2016-02-03,579
4,2016-02-04,609
5,2016-02-05,607
6,2016-02-06,553
7,2016-02-07,423
1,2016-02-08,501
2,2016-02-09,571
3,2016-02-10,537
4,2016-02-11,622
5,2016-02-12,628
6,2016-02-13,480
7,2016-02-14,309
1,2016-02-15,291
2,2016-02-16,615
3,2016-02-17,525
4,2016-02-18,592
5,2016-02-19,532
6,2016-02-20,555
7,2016-02-21,481
1,2016-02-22,615
2,2016-02-23,623
3,2016-02-24,660
4,2016-02-25,663
5,2016-02-26,476
6,2016-02-27,388
7,2016-02-28,509
1,2016-02-29,616
2,2016-03-01,662
3,2016-03-02,653
4,2016-03-03,625
5,2016-03-04,685
6,2016-03-05,601
7,2016-03-06,500
1,2016-03-07,571
2,2016-03-08,632
3,2016-03-09,660
4,2016-03-10,629
5,2016-03-11,672
6,2016-03-12,625
7,2016-03-13,435
1,2016-03-14,640
2,2016-03-15,608
3,2016-03-16,629
4,2016-03-17,612
5,2016-03-18,644
6,2016-03-19,540
7,2016-03-20,479
1,2016-03-21,617
2,2016-03-22,628
3,2016-03-23,621
4,2016-03-24,635
5,2016-03-25,546
6,2016-03-26,530
7,2016-03-27,459
1,2016-03-28,658
2,2016-03-29,683
3,2016-03-30,650
4,2016-03-31,652
5,2016-04-01,702
6,2016-04-02,597
7,2016-04-03,585
1,2016-04-04,683
2,2016-04-05,672
3,2016-04-06,628
4,2016-04-07,630
5,2016-04-08,696
6,2016-04-09,557
7,2016-04-10,499
1,2016-04-11,624
2,2016-04-12,638
3,2016-04-13,700
4,2016-04-14,674
5,2016-04-15,733
6,2016-04-16,678
7,2016-04-17,568
1,2016-04-18,687
2,2016-04-19,732
3,2016-04-20,697
4,2016-04-21,694
5,2016-04-22,741
6,2016-04-23,649
7,2016-04-24,448
1,2016-04-25,488
2,2016-04-26,479
3,2016-04-27,510
4,2016-04-28,489
5,2016-04-29,517
6,2016-04-30,581
7,2016-05-01,484
1,2016-05-02,589
2,2016-05-03,711
3,2016-05-04,653
4,2016-05-05,626
5,2016-05-06,728
6,2016-05-07,571
7,2016-05-08,591
1,2016-05-09,646
2,2016-05-10,608
3,2016-05-11,699
4,2016-05-12,744
5,2016-05-13,766
6,2016-05-14,589
7,2016-05-15,510
1,2016-05-16,742
2,2016-05-17,624
3,2016-05-18,676
4,2016-05-19,694
5,2016-05-20,782
6,2016-05-21,568
7,2016-05-22,571
1,2016-05-23,652
2,2016-05-24,695
3,2016-05-25,733
4,2016-05-26,742
5,2016-05-27,767
6,2016-05-28,627
7,2016-05-29,566
1,2016-05-30,471
2,2016-05-31,760
3,2016-06-01,772
4,2016-06-02,683
5,2016-06-03,710
6,2016-06-04,635
7,2016-06-05,466
1,2016-06-06,758
2,2016-06-07,709
3,2016-06-08,763
4,2016-06-09,686
5,2016-06-10,818
6,2016-06-11,584
7,2016-06-12,587
1,2016-06-13,646
2,2016-06-14,717
3,2016-06-15,739
4,2016-06-16,689
5,2016-06-17,748
6,2016-06-18,700
7,2016-06-19,559
1,2016-06-20,745
2,2016-06-21,681
3,2016-06-22,751
4,2016-06-23,643
5,2016-06-24,811
6,2016-06-25,688
7,2016-06-26,582
1,2016-06-27,718
2,2016-06-28,675
3,2016-06-29,687
4,2016-06-30,761
5,2016-07-01,752
6,2016-07-02,570
7,2016-07-03,448
1,2016-07-04,488
2,2016-07-05,663
3,2016-07-06,680
4,2016-07-07,603
5,2016-07-08,612
6,2016-07-09,498
7,2016-07-10,508
1,2016-07-11,618
2,2016-07-12,662
3,2016-07-13,607
4,2016-07-14,741
5,2016-07-15,798
6,2016-07-16,623
7,2016-07-17,574
1,2016-07-18,725
2,2016-07-19,699
3,2016-07-20,698
4,2016-07-21,731
5,2016-07-22,769
6,2016-07-23,650
7,2016-07-24,566
1,2016-07-25,698
2,2016-07-26,688
3,2016-07-27,690
4,2016-07-28,709
5,2016-07-29,774
6,2016-07-30,599
7,2016-07-31,529
1,2016-08-01,569
2,2016-08-02,602
3,2016-08-03,687
4,2016-08-04,715
5,2016-08-05,700
6,2016-08-06,578
7,2016-08-07,540
1,2016-08-08,632
2,2016-08-09,650
3,2016-08-10,618
4,2016-08-11,672
5,2016-08-12,729
6,2016-08-13,614
7,2016-08-14,521
1,2016-08-15,643
2,2016-08-16,644
3,2016-08-17,658
4,2016-08-18,635
5,2016-08-19,707
6,2016-08-20,579
7,2016-08-21,512
1,2016-08-22,669
2,2016-08-23,637
3,2016-08-24,635
4,2016-08-25,659
5,2016-08-26,756
6,2016-08-27,624
7,2016-08-28,559
1,2016-08-29,673
2,2016-08-30,622
3,2016-08-31,661
4,2016-09-01,675
5,2016-09-02,697
6,2016-09-03,498
7,2016-09-04,466
1,2016-09-05,419
2,2016-09-06,626
3,2016-09-07,648
4,2016-09-08,717
5,2016-09-09,715
6,2016-09-10,598
7,2016-09-11,538
1,2016-09-12,648
2,2016-09-13,779
3,2016-09-14,779
4,2016-09-15,757
5,2016-09-16,780
6,2016-09-17,646
7,2016-09-18,535
1,2016-09-19,680
2,2016-09-20,619
3,2016-09-21,621
4,2016-09-22,660
5,2016-09-23,812
6,2016-09-24,612
7,2016-09-25,572
1,2016-09-26,623
2,2016-09-27,659
3,2016-09-28,637
4,2016-09-29,624
5,2016-09-30,872
6,2016-10-01,581
7,2016-10-02,486
1,2016-10-03,490
2,2016-10-04,523
3,2016-10-05,695
4,2016-10-06,764
5,2016-10-07,754
6,2016-10-08,633
7,2016-10-09,480
1,2016-10-10,539
2,2016-10-11,739
3,2016-10-12,498
4,2016-10-13,757
5,2016-10-14,767
6,2016-10-15,641
7,2016-10-16,503
1,2016-10-17,585
2,2016-10-18,590
3,2016-10-19,676
4,2016-10-20,662
5,2016-10-21,851
6,2016-10-22,629
7,2016-10-23,534
1,2016-10-24,573
2,2016-10-25,566
3,2016-10-26,706
4,2016-10-27,831
5,2016-10-28,798
6,2016-10-29,614
7,2016-10-30,557
1,2016-10-31,655
2,2016-11-01,732
3,2016-11-02,665
4,2016-11-03,689
5,2016-11-04,777
6,2016-11-05,626
7,2016-11-06,532
1,2016-11-07,699
2,2016-11-08,620
3,2016-11-09,541
4,2016-11-10,706
5,2016-11-11,665
6,2016-11-12,603
7,2016-11-13,518
1,2016-11-14,668
2,2016-11-15,741
3,2016-11-16,705
4,2016-11-17,707
5,2016-11-18,776
6,2016-11-19,692
7,2016-11-20,529
1,2016-11-21,684
2,2016-11-22,765
3,2016-11-23,807
4,2016-11-24,428
5,2016-11-25,455
6,2016-11-26,463
7,2016-11-27,466
1,2016-11-28,647
2,2016-11-29,752
3,2016-11-30,730
4,2016-12-01,734
5,2016-12-02,690
6,2016-12-03,592
7,2016-12-04,482
1,2016-12-05,791
2,2016-12-06,711
3,2016-12-07,637
4,2016-12-08,635
5,2016-12-09,701
6,2016-12-10,555
7,2016-12-11,522
1,2016-12-12,665
2,2016-12-13,630
3,2016-12-14,689
4,2016-12-15,749
5,2016-12-16,792
6,2016-12-17,623
7,2016-12-18,521
1,2016-12-19,722
2,2016-12-20,719
3,2016-12-21,676
4,2016-12-22,700
5,2016-12-23,692
6,2016-12-24,554
7,2016-12-25,365
1,2016-12-26,394
2,2016-12-27,569
3,2016-12-28,546
4,2016-12-29,542
5,2016-12-30,583
6,2016-12-31,465
7,2017-01-01,485
1,2017-01-02,449
2,2017-01-03,659
3,2017-01-04,590
4,2017-01-05,552
5,2017-01-06,600
6,2017-01-07,896
7,2017-01-08,406
1,2017-01-09,669
2,2017-01-10,597
3,2017-01-11,629
4,2017-01-12,646
5,2017-01-13,604
6,2017-01-14,495
7,2017-01-15,490
1,2017-01-16,477
2,2017-01-17,657
3,2017-01-18,549
4,2017-01-19,610
5,2017-01-20,605
6,2017-01-21,475
7,2017-01-22,411
1,2017-01-23,667
2,2017-01-24,564
3,2017-01-25,576
4,2017-01-26,563
5,2017-01-27,583
6,2017-01-28,501
7,2017-01-29,428
1,2017-01-30,545
2,2017-01-31,571
3,2017-02-01,574
4,2017-02-02,586
5,2017-02-03,609
6,2017-02-04,541
7,2017-02-05,429
1,2017-02-06,567
2,2017-02-07,626
3,2017-02-08,673
4,2017-02-09,507
5,2017-02-10,708
6,2017-02-11,511
7,2017-02-12,439
1,2017-02-13,642
2,2017-02-14,688
3,2017-02-15,603
4,2017-02-16,652
5,2017-02-17,680
6,2017-02-18,570
7,2017-02-19,438
1,2017-02-20,428
2,2017-02-21,483
3,2017-02-22,477
4,2017-02-23,581
5,2017-02-24,657
6,2017-02-25,573
7,2017-02-26,462
1,2017-02-27,540
2,2017-02-28,591
3,2017-03-01,571
4,2017-03-02,653
5,2017-03-03,745
6,2017-03-04,536
7,2017-03-05,489
1,2017-03-06,618
2,2017-03-07,637
3,2017-03-08,609
4,2017-03-09,665
5,2017-03-10,612
6,2017-03-11,548
7,2017-03-12,516
1,2017-03-13,792
2,2017-03-14,374
3,2017-03-15,650
4,2017-03-16,839
5,2017-03-17,756
6,2017-03-18,504
7,2017-03-19,550
1,2017-03-20,750
2,2017-03-21,636
3,2017-03-22,617
4,2017-03-23,703
5,2017-03-24,654
6,2017-03-25,571
7,2017-03-26,456
1,2017-03-27,629
2,2017-03-28,592
3,2017-03-29,672
4,2017-03-30,639
5,2017-03-31,753
6,2017-04-01,591
7,2017-04-02,514
1,2017-04-03,646
2,2017-04-04,598
3,2017-04-05,587
4,2017-04-06,713
5,2017-04-07,694
6,2017-04-08,627
7,2017-04-09,541
1,2017-04-10,634
2,2017-04-11,519
3,2017-04-12,540
4,2017-04-13,590
5,2017-04-14,515
6,2017-04-15,495
7,2017-04-16,481
1,2017-04-17,488
2,2017-04-18,516
3,2017-04-19,580
4,2017-04-20,632
5,2017-04-21,690
6,2017-04-22,551
7,2017-04-23,517
1,2017-04-24,541
2,2017-04-25,723
3,2017-04-26,630
4,2017-04-27,688
5,2017-04-28,857
6,2017-04-29,661
7,2017-04-30,470
1,2017-05-01,639
2,2017-05-02,743
3,2017-05-03,714
4,2017-05-04,701
5,2017-05-05,776
6,2017-05-06,685
7,2017-05-07,514
1,2017-05-08,638
2,2017-05-09,651
3,2017-05-10,668
4,2017-05-11,686
5,2017-05-12,817
6,2017-05-13,683
7,2017-05-14,633
1,2017-05-15,729
2,2017-05-16,694
3,2017-05-17,753
4,2017-05-18,911
5,2017-05-19,974
6,2017-05-20,612
7,2017-05-21,618
1,2017-05-22,719
2,2017-05-23,659
3,2017-05-24,641
4,2017-05-25,742
5,2017-05-26,776
6,2017-05-27,475
7,2017-05-28,475
1,2017-05-29,371
2,2017-05-30,647
3,2017-05-31,669
4,2017-06-01,654
5,2017-06-02,737
6,2017-06-03,637
7,2017-06-04,468
1,2017-06-05,656
2,2017-06-06,660
3,2017-06-07,675
4,2017-06-08,660
5,2017-06-09,770
6,2017-06-10,665
7,2017-06-11,702
1,2017-06-12,804
2,2017-06-13,829
3,2017-06-14,754
4,2017-06-15,771
5,2017-06-16,657
6,2017-06-17,654
7,2017-06-18,593
1,2017-06-19,819
2,2017-06-20,813
3,2017-06-21,744
4,2017-06-22,845
5,2017-06-23,793
6,2017-06-24,753
7,2017-06-25,590
1,2017-06-26,669
2,2017-06-27,757
3,2017-06-28,730
4,2017-06-29,767
5,2017-06-30,747
6,2017-07-01,595
7,2017-07-02,537
1,2017-07-03,617
2,2017-07-04,424
3,2017-07-05,706
4,2017-07-06,611
5,2017-07-07,674
6,2017-07-08,585
7,2017-07-09,512
1,2017-07-10,667
2,2017-07-11,638
3,2017-07-12,677
4,2017-07-13,759
5,2017-07-14,707
6,2017-07-15,649
7,2017-07-16,515
1,2017-07-17,639
2,2017-07-18,706
3,2017-07-19,747
4,2017-07-20,774
5,2017-07-21,733
6,2017-07-22,648
7,2017-07-23,554
1,2017-07-24,620
2,2017-07-25,595
3,2017-07-26,635
4,2017-07-27,610
5,2017-07-28,685
6,2017-07-29,512
7,2017-07-30,606
1,2017-07-31,656
2,2017-08-01,705
3,2017-08-02,618
4,2017-08-03,713
5,2017-08-04,758
6,2017-08-05,573
7,2017-08-06,519
1,2017-08-07,606
2,2017-08-08,631
3,2017-08-09,655
4,2017-08-10,650
5,2017-08-11,655
6,2017-08-12,526
7,2017-08-13,563
1,2017-08-14,602
2,2017-08-15,577
3,2017-08-16,600
4,2017-08-17,639
5,2017-08-18,612
6,2017-08-19,638
7,2017-08-20,538
1,2017-08-21,627
2,2017-08-22,684
3,2017-08-23,629
4,2017-08-24,631
5,2017-08-25,633
6,2017-08-26,570
7,2017-08-27,498
1,2017-08-28,584
2,2017-08-29,614
3,2017-08-30,671
4,2017-08-31,618
5,2017-09-01,681
6,2017-09-02,562
7,2017-09-03,518
1,2017-09-04,532
2,2017-09-05,707
3,2017-09-06,608
4,2017-09-07,790
5,2017-09-08,740
6,2017-09-09,608
7,2017-09-10,533
1,2017-09-11,735
2,2017-09-12,680
3,2017-09-13,738
4,2017-09-14,728
5,2017-09-15,827
6,2017-09-16,623
7,2017-09-17,586
1,2017-09-18,672
2,2017-09-19,661
3,2017-09-20,583
4,2017-09-21,535
5,2017-09-22,614
6,2017-09-23,631
7,2017-09-24,587
1,2017-09-25,726
2,2017-09-26,656
3,2017-09-27,696
4,2017-09-28,740
5,2017-09-29,757
6,2017-09-30,550
7,2017-10-01,571
1,2017-10-02,739
2,2017-10-03,687
3,2017-10-04,711
4,2017-10-05,657
5,2017-10-06,649
6,2017-10-07,570
7,2017-10-08,521
1,2017-10-09,546
2,2017-10-10,768
3,2017-10-11,628
4,2017-10-12,603
5,2017-10-13,658
6,2017-10-14,567
7,2017-10-15,496
1,2017-10-16,641
2,2017-10-17,736
3,2017-10-18,737
4,2017-10-19,766
5,2017-10-20,823
6,2017-10-21,583
7,2017-10-22,528
1,2017-10-23,669
2,2017-10-24,685
3,2017-10-25,648
4,2017-10-26,658
5,2017-10-27,759
6,2017-10-28,615
7,2017-10-29,613
1,2017-10-30,832
2,2017-10-31,696
3,2017-11-01,607
4,2017-11-02,746
5,2017-11-03,776
6,2017-11-04,613
7,2017-11-05,519
1,2017-11-06,682
2,2017-11-07,710
3,2017-11-08,662
4,2017-11-09,702
5,2017-11-10,724
6,2017-11-11,623
7,2017-11-12,539
1,2017-11-13,699
2,2017-11-14,647
3,2017-11-15,713
4,2017-11-16,811
5,2017-11-17,814
6,2017-11-18,629
7,2017-11-19,573
1,2017-11-20,748
2,2017-11-21,790
3,2017-11-22,774
4,2017-11-23,469
5,2017-11-24,502
6,2017-11-25,456
7,2017-11-26,485
1,2017-11-27,635
2,2017-11-28,649
3,2017-11-29,701
4,2017-11-30,663
5,2017-12-01,772
6,2017-12-02,575
7,2017-12-03,448
1,2017-12-04,684
2,2017-12-05,704
3,2017-12-06,651
4,2017-12-07,693
5,2017-12-08,682
6,2017-12-09,538
7,2017-12-10,513
1,2017-12-11,725
2,2017-12-12,687
3,2017-12-13,709
4,2017-12-14,883
5,2017-12-15,999
6,2017-12-16,661
7,2017-12-17,547
1,2017-12-18,706
2,2017-12-19,657
3,2017-12-20,700
4,2017-12-21,742
5,2017-12-22,720
6,2017-12-23,565
7,2017-12-24,469
1,2017-12-25,333
2,2017-12-26,543
3,2017-12-27,577
4,2017-12-28,609
5,2017-12-29,598
6,2017-12-30,565
7,2017-12-31,462
1,2018-01-01,454
2,2018-01-02,654
3,2018-01-03,645
4,2018-01-04,464
5,2018-01-05,700
6,2018-01-06,599
7,2018-01-07,476
1,2018-01-08,720
2,2018-01-09,684
3,2018-01-10,687
4,2018-01-11,696
5,2018-01-12,704
6,2018-01-13,603
7,2018-01-14,494
1,2018-01-15,523
2,2018-01-16,617
3,2018-01-17,611
4,2018-01-18,634
5,2018-01-19,599
6,2018-01-20,530
7,2018-01-21,418
1,2018-01-22,559
2,2018-01-23,531
3,2018-01-24,615
4,2018-01-25,602
5,2018-01-26,677
6,2018-01-27,510
7,2018-01-28,412
1,2018-01-29,531
2,2018-01-30,579
3,2018-01-31,596
4,2018-02-01,594
5,2018-02-02,617
6,2018-02-03,478
7,2018-02-04,541
1,2018-02-05,706
2,2018-02-06,545
3,2018-02-07,653
4,2018-02-08,616
5,2018-02-09,583
6,2018-02-10,549
7,2018-02-11,479
1,2018-02-12,543
2,2018-02-13,613
3,2018-02-14,671
4,2018-02-15,645
5,2018-02-16,582
6,2018-02-17,604
7,2018-02-18,472
1,2018-02-19,435
2,2018-02-20,535
3,2018-02-21,601
4,2018-02-22,550
5,2018-02-23,548
6,2018-02-24,540
7,2018-02-25,448
1,2018-02-26,557
2,2018-02-27,631
3,2018-02-28,654
4,2018-03-01,619
5,2018-03-02,884
6,2018-03-03,609
7,2018-03-04,457
1,2018-03-05,616
2,2018-03-06,676
3,2018-03-07,517
4,2018-03-08,633
5,2018-03-09,751
6,2018-03-10,567
7,2018-03-11,465
1,2018-03-12,679
2,2018-03-13,578
3,2018-03-14,652
4,2018-03-15,689
5,2018-03-16,753
6,2018-03-17,562
7,2018-03-18,526
1,2018-03-19,686
2,2018-03-20,597
3,2018-03-21,477
4,2018-03-22,759
5,2018-03-23,732
6,2018-03-24,550
7,2018-03-25,491
1,2018-03-26,710
2,2018-03-27,627
3,2018-03-28,629
4,2018-03-29,613
5,2018-03-30,580
6,2018-03-31,589
7,2018-04-01,399
1,2018-04-02,562
2,2018-04-03,551
3,2018-04-04,554
4,2018-04-05,531
5,2018-04-06,515
6,2018-04-07,487
7,2018-04-08,468
1,2018-04-09,625
2,2018-04-10,668
3,2018-04-11,612
4,2018-04-12,610
5,2018-04-13,755
6,2018-04-14,624
7,2018-04-15,510
1,2018-04-16,741
2,2018-04-17,600
3,2018-04-18,662
4,2018-04-19,706
5,2018-04-20,707
6,2018-04-21,584
7,2018-04-22,568
1,2018-04-23,675
2,2018-04-24,671
3,2018-04-25,626
4,2018-04-26,729
5,2018-04-27,690
6,2018-04-28,604
7,2018-04-29,505
1,2018-04-30,656
2,2018-05-01,713
3,2018-05-02,792
4,2018-05-03,790
5,2018-05-04,723
6,2018-05-05,602
7,2018-05-06,495
1,2018-05-07,695
2,2018-05-08,736
3,2018-05-09,711
4,2018-05-10,663
5,2018-05-11,805
6,2018-05-12,602
7,2018-05-13,529
1,2018-05-14,689
2,2018-05-15,778
3,2018-05-16,686
4,2018-05-17,732
5,2018-05-18,616
6,2018-05-19,583
7,2018-05-20,578
1,2018-05-21,626
2,2018-05-22,689
3,2018-05-23,729
4,2018-05-24,770
5,2018-05-25,799
6,2018-05-26,601
7,2018-05-27,487
1,2018-05-28,408
2,2018-05-29,809
3,2018-05-30,708
4,2018-05-31,698
5,2018-06-01,751
6,2018-06-02,622
7,2018-06-03,525
1,2018-06-04,698
2,2018-06-05,688
3,2018-06-06,651
4,2018-06-07,693
5,2018-06-08,757
6,2018-06-09,706
7,2018-06-10,533
1,2018-06-11,686
2,2018-06-12,720
3,2018-06-13,706
4,2018-06-14,833
5,2018-06-15,728
6,2018-06-16,677
7,2018-06-17,627
1,2018-06-18,808
2,2018-06-19,812
3,2018-06-20,698
4,2018-06-21,815
5,2018-06-22,728
6,2018-06-23,513
7,2018-06-24,553
1,2018-06-25,733
2,2018-06-26,762
3,2018-06-27,540
4,2018-06-28,737
5,2018-06-29,845
6,2018-06-30,651
7,2018-07-01,563
1,2018-07-02,719
2,2018-07-03,678
3,2018-07-04,406
4,2018-07-05,720
5,2018-07-06,654
6,2018-07-07,526
7,2018-07-08,545
1,2018-07-09,672
2,2018-07-10,727
3,2018-07-11,627
4,2018-07-12,642
5,2018-07-13,726
6,2018-07-14,577
7,2018-07-15,564
1,2018-07-16,719
2,2018-07-17,680
3,2018-07-18,688
4,2018-07-19,739
5,2018-07-20,700
6,2018-07-21,622
7,2018-07-22,540
1,2018-07-23,614
2,2018-07-24,654
3,2018-07-25,657
4,2018-07-26,606
5,2018-07-27,753
6,2018-07-28,637
7,2018-07-29,463
1,2018-07-30,580
2,2018-07-31,709
3,2018-08-01,660
4,2018-08-02,722
5,2018-08-03,749
6,2018-08-04,605
7,2018-08-05,573
1,2018-08-06,632
2,2018-08-07,658
3,2018-08-08,656
4,2018-08-09,709
5,2018-08-10,707
6,2018-08-11,568
7,2018-08-12,499
1,2018-08-13,617
2,2018-08-14,701
3,2018-08-15,645
4,2018-08-16,647
5,2018-08-17,703
6,2018-08-18,579
7,2018-08-19,490
1,2018-08-20,562
2,2018-08-21,580
3,2018-08-22,599
4,2018-08-23,610
5,2018-08-24,681
6,2018-08-25,552
7,2018-08-26,528
1,2018-08-27,651
2,2018-08-28,715
3,2018-08-29,685
4,2018-08-30,736
5,2018-08-31,623
6,2018-09-01,529
7,2018-09-02,528
1,2018-09-03,533
2,2018-09-04,786
3,2018-09-05,768
4,2018-09-06,822
5,2018-09-07,671
6,2018-09-08,568
7,2018-09-09,556
1,2018-09-10,650
2,2018-09-11,544
3,2018-09-12,783
4,2018-09-13,718
5,2018-09-14,684
6,2018-09-15,596
7,2018-09-16,597
1,2018-09-17,673
2,2018-09-18,740
3,2018-09-19,519
4,2018-09-20,659
5,2018-09-21,715
6,2018-09-22,562
7,2018-09-23,475
1,2018-09-24,594
2,2018-09-25,715
3,2018-09-26,755
4,2018-09-27,672
5,2018-09-28,712
6,2018-09-29,603
7,2018-09-30,510
1,2018-10-01,583
2,2018-10-02,613
3,2018-10-03,778
4,2018-10-04,717
5,2018-10-05,796
6,2018-10-06,544
7,2018-10-07,529
1,2018-10-08,501
2,2018-10-09,628
3,2018-10-10,708
4,2018-10-11,741
5,2018-10-12,830
6,2018-10-13,577
7,2018-10-14,516
1,2018-10-15,692
2,2018-10-16,688
3,2018-10-17,699
4,2018-10-18,735
5,2018-10-19,787
6,2018-10-20,629
7,2018-10-21,593
1,2018-10-22,650
2,2018-10-23,681
3,2018-10-24,719
4,2018-10-25,763
5,2018-10-26,747
6,2018-10-27,757
7,2018-10-28,556
1,2018-10-29,696
2,2018-10-30,721
3,2018-10-31,646
4,2018-11-01,696
5,2018-11-02,746
6,2018-11-03,656
7,2018-11-04,502
1,2018-11-05,759
2,2018-11-06,679
3,2018-11-07,696
4,2018-11-08,631
5,2018-11-09,866
6,2018-11-10,607
7,2018-11-11,500
1,2018-11-12,497
2,2018-11-13,754
3,2018-11-14,688
4,2018-11-15,1065
5,2018-11-16,720
6,2018-11-17,559
7,2018-11-18,470
1,2018-11-19,697
2,2018-11-20,695
3,2018-11-21,732
4,2018-11-22,412
5,2018-11-23,476
6,2018-11-24,536
7,2018-11-25,483
1,2018-11-26,743
2,2018-11-27,609
3,2018-11-28,573
4,2018-11-29,646
5,2018-11-30,743
6,2018-12-01,601
7,2018-12-02,558
1,2018-12-03,697
2,2018-12-04,684
3,2018-12-05,652
4,2018-12-06,681
5,2018-12-07,705
6,2018-12-08,652
7,2018-12-09,465
1,2018-12-10,651
2,2018-12-11,707
3,2018-12-12,631
4,2018-12-13,686
5,2018-12-14,841
6,2018-12-15,628
7,2018-12-16,622
1,2018-12-17,689
2,2018-12-18,731
3,2018-12-19,749
4,2018-12-20,806
5,2018-12-21,782
6,2018-12-22,568
7,2018-12-23,505
1,2018-12-24,580
2,2018-12-25,328
3,2018-12-26,514
4,2018-12-27,582
5,2018-12-28,681
6,2018-12-29,499
7,2018-12-30,404
1,2018-12-31,622
2,2019-01-01,429
3,2019-01-02,502
4,2019-01-03,504
5,2019-01-04,598
6,2019-01-05,455
7,2019-01-06,376
1,2019-01-07,583
2,2019-01-08,571
3,2019-01-09,514
4,2019-01-10,580
5,2019-01-11,644
6,2019-01-12,520
7,2019-01-13,374
1,2019-01-14,703
2,2019-01-15,618
3,2019-01-16,579
4,2019-01-17,586
5,2019-01-18,596
6,2019-01-19,479
7,2019-01-20,411
1,2019-01-21,412
2,2019-01-22,627
3,2019-01-23,553
4,2019-01-24,592
5,2019-01-25,666
6,2019-01-26,533
7,2019-01-27,445
1,2019-01-28,565
2,2019-01-29,681
3,2019-01-30,630
4,2019-01-31,601
5,2019-02-01,651
6,2019-02-02,577
7,2019-02-03,491
1,2019-02-04,651
2,2019-02-05,570
3,2019-02-06,615
4,2019-02-07,588
5,2019-02-08,661
6,2019-02-09,540
7,2019-02-10,445
1,2019-02-11,568
2,2019-02-12,687
3,2019-02-13,639
4,2019-02-14,664
5,2019-02-15,616
6,2019-02-16,535
7,2019-02-17,439
1,2019-02-18,406
2,2019-02-19,527
3,2019-02-20,615
4,2019-02-21,597
5,2019-02-22,546
6,2019-02-23,439
7,2019-02-24,401
1,2019-02-25,700
2,2019-02-26,670
3,2019-02-27,529
4,2019-02-28,699
5,2019-03-01,711
6,2019-03-02,642
7,2019-03-03,503
1,2019-03-04,503
2,2019-03-05,639
3,2019-03-06,589
4,2019-03-07,556
5,2019-03-08,652
6,2019-03-09,523
7,2019-03-10,462
1,2019-03-11,645
2,2019-03-12,586
3,2019-03-13,562
4,2019-03-14,611
5,2019-03-15,673
6,2019-03-16,550
7,2019-03-17,419
1,2019-03-18,575
2,2019-03-19,565
3,2019-03-20,584
4,2019-03-21,624
5,2019-03-22,718
6,2019-03-23,530
7,2019-03-24,466
1,2019-03-25,526
2,2019-03-26,610
3,2019-03-27,562
4,2019-03-28,644
5,2019-03-29,563
6,2019-03-30,516
7,2019-03-31,450
1,2019-04-01,602
2,2019-04-02,553
3,2019-04-03,613
4,2019-04-04,660
5,2019-04-05,701
6,2019-04-06,587
7,2019-04-07,487
1,2019-04-08,594
2,2019-04-09,537
3,2019-04-10,633
4,2019-04-11,537
5,2019-04-12,688
6,2019-04-13,599
7,2019-04-14,457
1,2019-04-15,657
2,2019-04-16,638
3,2019-04-17,620
4,2019-04-18,540
5,2019-04-19,551
6,2019-04-20,456
7,2019-04-21,398
1,2019-04-22,522
2,2019-04-23,592
3,2019-04-24,515
4,2019-04-25,518
5,2019-04-26,500
6,2019-04-27,526
7,2019-04-28,395
1,2019-04-29,565
2,2019-04-30,587
3,2019-05-01,599
4,2019-05-02,668
5,2019-05-03,651
6,2019-05-04,553
7,2019-05-05,529
1,2019-05-06,630
2,2019-05-07,647
3,2019-05-08,649
4,2019-05-09,593
5,2019-05-10,660
6,2019-05-11,637
7,2019-05-12,589
1,2019-05-13,613
2,2019-05-14,621
3,2019-05-15,691
4,2019-05-16,642
5,2019-05-17,726
6,2019-05-18,649
7,2019-05-19,547
1,2019-05-20,689
2,2019-05-21,745
3,2019-05-22,693
4,2019-05-23,722
5,2019-05-24,728
6,2019-05-25,520
7,2019-05-26,510
1,2019-05-27,442
2,2019-05-28,654
3,2019-05-29,601
4,2019-05-30,625
5,2019-05-31,765
6,2019-06-01,557
7,2019-06-02,515
1,2019-06-03,659
2,2019-06-04,615
3,2019-06-05,655
4,2019-06-06,744
5,2019-06-07,734
6,2019-06-08,580
7,2019-06-09,526
1,2019-06-10,613
2,2019-06-11,682
3,2019-06-12,686
4,2019-06-13,634
5,2019-06-14,749
6,2019-06-15,620
7,2019-06-16,509
1,2019-06-17,552
2,2019-06-18,721
3,2019-06-19,591
4,2019-06-20,697
5,2019-06-21,771
6,2019-06-22,635
7,2019-06-23,559
1,2019-06-24,731
2,2019-06-25,662
3,2019-06-26,803
4,2019-06-27,734
5,2019-06-28,753
6,2019-06-29,660
7,2019-06-30,569
1,2019-07-01,693
2,2019-07-02,591
3,2019-07-03,654
4,2019-07-04,394
5,2019-07-05,542
6,2019-07-06,471
7,2019-07-07,441
1,2019-07-08,592
2,2019-07-09,661
3,2019-07-10,553
4,2019-07-11,658
5,2019-07-12,747
6,2019-07-13,558
7,2019-07-14,497
1,2019-07-15,637
2,2019-07-16,658
3,2019-07-17,630
4,2019-07-18,620
5,2019-07-19,666
6,2019-07-20,586
7,2019-07-21,477
1,2019-07-22,640
2,2019-07-23,553
3,2019-07-24,626
4,2019-07-25,605
5,2019-07-26,650
6,2019-07-27,602
7,2019-07-28,527
1,2019-07-29,649
2,2019-07-30,638
3,2019-07-31,604
4,2019-08-01,618
5,2019-08-02,610
6,2019-08-03,566
7,2019-08-04,499
1,2019-08-05,616
2,2019-08-06,551
3,2019-08-07,608
4,2019-08-08,646
5,2019-08-09,645
6,2019-08-10,572
7,2019-08-11,484
1,2019-08-12,586
2,2019-08-13,469
3,2019-08-14,537
4,2019-08-15,560
5,2019-08-16,523
6,2019-08-17,533
7,2019-08-18,481
1,2019-08-19,563
2,2019-08-20,574
3,2019-08-21,522
4,2019-08-22,587
5,2019-08-23,569
6,2019-08-24,514
7,2019-08-25,482
1,2019-08-26,494
2,2019-08-27,529
3,2019-08-28,553
4,2019-08-29,592
5,2019-08-30,630
6,2019-08-31,502
7,2019-09-01,473
1,2019-09-02,427
2,2019-09-03,652
3,2019-09-04,600
4,2019-09-05,628
5,2019-09-06,591
6,2019-09-07,489
7,2019-09-08,462
1,2019-09-09,603
2,2019-09-10,605
3,2019-09-11,624
4,2019-09-12,689
5,2019-09-13,687
6,2019-09-14,488
7,2019-09-15,604
1,2019-09-16,620
2,2019-09-17,635
3,2019-09-18,605
4,2019-09-19,605
5,2019-09-20,688
6,2019-09-21,577
7,2019-09-22,515
1,2019-09-23,639
2,2019-09-24,628
3,2019-09-25,604
4,2019-09-26,645
5,2019-09-27,703
6,2019-09-28,532
7,2019-09-29,488
1,2019-09-30,435
2,2019-10-01,454
3,2019-10-02,688
4,2019-10-03,690
5,2019-10-04,708
6,2019-10-05,557
7,2019-10-06,435
1,2019-10-07,575
2,2019-10-08,523
3,2019-10-09,383
4,2019-10-10,615
5,2019-10-11,606
6,2019-10-12,502
7,2019-10-13,441
1,2019-10-14,400
2,2019-10-15,549
3,2019-10-16,658
4,2019-10-17,608
5,2019-10-18,634
6,2019-10-19,586
7,2019-10-20,500
1,2019-10-21,559
2,2019-10-22,562
3,2019-10-23,669
4,2019-10-24,613
5,2019-10-25,647
6,2019-10-26,525
7,2019-10-27,467
1,2019-10-28,607
2,2019-10-29,639
3,2019-10-30,595
4,2019-10-31,616
5,2019-11-01,782
6,2019-11-02,506
7,2019-11-03,479
1,2019-11-04,623
2,2019-11-05,440
3,2019-11-06,615
4,2019-11-07,669
5,2019-11-08,676
6,2019-11-09,502
7,2019-11-10,457
1,2019-11-11,481
2,2019-11-12,595
3,2019-11-13,599
4,2019-11-14,545
5,2019-11-15,621
6,2019-11-16,527
7,2019-11-17,444
1,2019-11-18,743
2,2019-11-19,629
3,2019-11-20,526
4,2019-11-21,647
5,2019-11-22,633
6,2019-11-23,528
7,2019-11-24,517
1,2019-11-25,641
2,2019-11-26,702
3,2019-11-27,561
4,2019-11-28,374
5,2019-11-29,425
6,2019-11-30,465
7,2019-12-01,409
1,2019-12-02,580
2,2019-12-03,620
3,2019-12-04,552
4,2019-12-05,597
5,2019-12-06,563
6,2019-12-07,566
7,2019-12-08,455
1,2019-12-09,737
2,2019-12-10,667
3,2019-12-11,578
4,2019-12-12,599
5,2019-12-13,760
6,2019-12-14,577
7,2019-12-15,503
1,2019-12-16,519
2,2019-12-17,700
3,2019-12-18,701
4,2019-12-19,698
5,2019-12-20,698
6,2019-12-21,520
7,2019-12-22,510
1,2019-12-23,593
2,2019-12-24,530
3,2019-12-25,264
4,2019-12-26,414
5,2019-12-27,448
6,2019-12-28,355
7,2019-12-29,384
1,2019-12-30,518
2,2019-12-31,443
3,2020-01-01,337
4,2020-01-02,410
5,2020-01-03,452
6,2020-01-04,347
7,2020-01-05,286
1,2020-01-06,455
2,2020-01-07,402
3,2020-01-08,451
4,2020-01-09,517
5,2020-01-10,520
6,2020-01-11,438
7,2020-01-12,387
1,2020-01-13,473
2,2020-01-14,497
3,2020-01-15,506
4,2020-01-16,547
5,2020-01-17,565
6,2020-01-18,773
7,2020-01-19,360
1,2020-01-20,389
2,2020-01-21,554
3,2020-01-22,489
4,2020-01-23,450
5,2020-01-24,523
6,2020-01-25,383
7,2020-01-26,395
1,2020-01-27,451
2,2020-01-28,404
3,2020-01-29,491
4,2020-01-30,522
5,2020-01-31,517
6,2020-02-01,409
7,2020-02-02,389
1,2020-02-03,558
2,2020-02-04,464
3,2020-02-05,432
4,2020-02-06,544
5,2020-02-07,604
6,2020-02-08,466
7,2020-02-09,371
1,2020-02-10,571
2,2020-02-11,458
3,2020-02-12,438
4,2020-02-13,503
5,2020-02-14,631
6,2020-02-15,440
7,2020-02-16,387
1,2020-02-17,339
2,2020-02-18,426
3,2020-02-19,477
4,2020-02-20,448
5,2020-02-21,502
6,2020-02-22,407
7,2020-02-23,392
1,2020-02-24,493
2,2020-02-25,526
3,2020-02-26,449
4,2020-02-27,581
5,2020-02-28,529
6,2020-02-29,456
7,2020-03-01,423
1,2020-03-02,562
2,2020-03-03,550
3,2020-03-04,541
4,2020-03-05,528
5,2020-03-06,673
6,2020-03-07,515
7,2020-03-08,408
1,2020-03-09,545
2,2020-03-10,450
3,2020-03-11,473
4,2020-03-12,455
5,2020-03-13,551
6,2020-03-14,370
7,2020-03-15,331
1,2020-03-16,378
2,2020-03-17,374
3,2020-03-18,297
4,2020-03-19,337
5,2020-03-20,305
6,2020-03-21,237
7,2020-03-22,139
1,2020-03-23,225
2,2020-03-24,200
3,2020-03-25,168
4,2020-03-26,187
5,2020-03-27,195
6,2020-03-28,183
7,2020-03-29,146
1,2020-03-30,165
2,2020-03-31,157
3,2020-04-01,154
4,2020-04-02,166
5,2020-04-03,190
6,2020-04-04,155
7,2020-04-05,93
1,2020-04-06,127
2,2020-04-07,129
3,2020-04-08,124
4,2020-04-09,103
5,2020-04-10,115
6,2020-04-11,121
7,2020-04-12,106
1,2020-04-13,137
2,2020-04-14,135
3,2020-04-15,138
4,2020-04-16,138
5,2020-04-17,157
6,2020-04-18,125
7,2020-04-19,102
1,2020-04-20,140
2,2020-04-21,120
3,2020-04-22,148
4,2020-04-23,108
5,2020-04-24,172
6,2020-04-25,152
7,2020-04-26,140
1,2020-04-27,131
2,2020-04-28,185
3,2020-04-29,137
4,2020-04-30,173
5,2020-05-01,186
6,2020-05-02,188
7,2020-05-03,166
1,2020-05-04,173
2,2020-05-05,174
3,2020-05-06,184
4,2020-05-07,175
5,2020-05-08,176
6,2020-05-09,147
7,2020-05-10,161
1,2020-05-11,173
2,2020-05-12,191
3,2020-05-13,212
4,2020-05-14,171
5,2020-05-15,242
6,2020-05-16,216
7,2020-05-17,171
1,2020-05-18,185
2,2020-05-19,229
3,2020-05-20,192
4,2020-05-21,211
5,2020-05-22,264
6,2020-05-23,193
7,2020-05-24,197
1,2020-05-25,213
2,2020-05-26,223
3,2020-05-27,239
4,2020-05-28,209
5,2020-05-29,258
6,2020-05-30,226
7,2020-05-31,208
1,2020-06-01,196
2,2020-06-02,197
3,2020-06-03,216
4,2020-06-04,244
5,2020-06-05,248
6,2020-06-06,260
7,2020-06-07,206
1,2020-06-08,234
2,2020-06-09,251
3,2020-06-10,238
4,2020-06-11,249
5,2020-06-12,276
6,2020-06-13,282
7,2020-06-14,229
1,2020-06-15,222
2,2020-06-16,259
3,2020-06-17,244
4,2020-06-18,226
5,2020-06-19,305
6,2020-06-20,244
7,2020-06-21,243
1,2020-06-22,295
2,2020-06-23,290
3,2020-06-24,300
4,2020-06-25,250
5,2020-06-26,336
6,2020-06-27,272
7,2020-06-28,240
1,2020-06-29,300
2,2020-06-30,278
3,2020-07-01,259
4,2020-07-02,340
5,2020-07-03,302
6,2020-07-04,278
7,2020-07-05,291
1,2020-07-06,257
2,2020-07-07,243
3,2020-07-08,267
4,2020-07-09,313
5,2020-07-10,296
6,2020-07-11,274
7,2020-07-12,291
1,2020-07-13,290
2,2020-07-14,320
3,2020-07-15,268
4,2020-07-16,322
5,2020-07-17,308
6,2020-07-18,316
7,2020-07-19,310
1,2020-07-20,281
2,2020-07-21,331
3,2020-07-22,289
4,2020-07-23,332
5,2020-07-24,312
6,2020-07-25,290
7,2020-07-26,311
1,2020-07-27,320
2,2020-07-28,298
3,2020-07-29,318
4,2020-07-30,299
5,2020-07-31,343
6,2020-08-01,375
7,2020-08-02,285
1,2020-08-03,353
2,2020-08-04,451
3,2020-08-05,344
4,2020-08-06,356
5,2020-08-07,336
6,2020-08-08,260
7,2020-08-09,282
1,2020-08-10,320
2,2020-08-11,316
3,2020-08-12,290
4,2020-08-13,275
5,2020-08-14,342
6,2020-08-15,312
7,2020-08-16,279
1,2020-08-17,288
2,2020-08-18,311
3,2020-08-19,286
4,2020-08-20,306
5,2020-08-21,348
6,2020-08-22,328
7,2020-08-23,316
1,2020-08-24,319
2,2020-08-25,286
3,2020-08-26,310
4,2020-08-27,341
5,2020-08-28,306
6,2020-08-29,291
7,2020-08-30,303
1,2020-08-31,294
2,2020-09-01,337
3,2020-09-02,307
4,2020-09-03,362
5,2020-09-04,383
6,2020-09-05,362
7,2020-09-06,293
1,2020-09-07,295
2,2020-09-08,336
3,2020-09-09,292
4,2020-09-10,347
5,2020-09-11,351
6,2020-09-12,304
7,2020-09-13,245
1,2020-09-14,288
2,2020-09-15,300
3,2020-09-16,306
4,2020-09-17,322
5,2020-09-18,341
6,2020-09-19,330
7,2020-09-20,273
1,2020-09-21,310
2,2020-09-22,306
3,2020-09-23,356
4,2020-09-24,297
5,2020-09-25,348
6,2020-09-26,330
7,2020-09-27,315
1,2020-09-28,300
2,2020-09-29,317
3,2020-09-30,347
4,2020-10-01,331
5,2020-10-02,351
6,2020-10-03,321
7,2020-10-04,268
1,2020-10-05,302
2,2020-10-06,324
3,2020-10-07,307
4,2020-10-08,332
5,2020-10-09,330
6,2020-10-10,274
7,2020-10-11,247
1,2020-10-12,323
2,2020-10-13,322
3,2020-10-14,333
4,2020-10-15,309
5,2020-10-16,303
6,2020-10-17,331
7,2020-10-18,303
1,2020-10-19,276
2,2020-10-20,336
3,2020-10-21,337
4,2020-10-22,262
5,2020-10-23,336
6,2020-10-24,300
7,2020-10-25,279
1,2020-10-26,313
2,2020-10-27,261
3,2020-10-28,305
4,2020-10-29,334
5,2020-10-30,388
6,2020-10-31,331
7,2020-11-01,307
1,2020-11-02,325
2,2020-11-03,282
3,2020-11-04,299
4,2020-11-05,354
5,2020-11-06,361
6,2020-11-07,325
7,2020-11-08,324
1,2020-11-09,315
2,2020-11-10,340
3,2020-11-11,296
4,2020-11-12,319
5,2020-11-13,385
6,2020-11-14,290
7,2020-11-15,243
1,2020-11-16,297
2,2020-11-17,249
3,2020-11-18,286
4,2020-11-19,274
5,2020-11-20,339
6,2020-11-21,302
7,2020-11-22,213
1,2020-11-23,271
2,2020-11-24,298
3,2020-11-25,240
4,2020-11-26,177
5,2020-11-27,231
6,2020-11-28,168
